TitleID	URL
tt0111161	https://img.yts.lt/assets/images/movies/the_shawshank_redemption_1994/large-cover.jpg
tt0068646	https://img.yts.lt/assets/images/movies/the_godfather_1972/large-cover.jpg
tt0071562	https://img.yts.lt/assets/images/movies/the_godfather_part_ii_1974/large-cover.jpg
tt0468569	https://img.yts.lt/assets/images/movies/the_dark_knight_2008/large-cover.jpg
tt0050083	https://img.yts.lt/assets/images/movies/12_angry_men_1957/large-cover.jpg
tt0108052	https://img.yts.lt/assets/images/movies/schindlers_list_1993/large-cover.jpg
tt0167260	https://img.yts.lt/assets/images/movies/the_lord_of_the_rings_the_return_of_the_king_2003/large-cover.jpg
tt0110912	https://img.yts.lt/assets/images/movies/pulp_fiction_1994/large-cover.jpg
tt0060196	https://img.yts.lt/assets/images/movies/the_good_the_bad_and_the_ugly_1966/large-cover.jpg
tt0137523	https://img.yts.lt/assets/images/movies/fight_club_1999/large-cover.jpg
tt0120737	https://img.yts.lt/assets/images/movies/the_lord_of_the_rings_the_fellowship_of_the_ring_2001/large-cover.jpg
tt0109830	https://img.yts.lt/assets/images/movies/forrest_gump_1994/large-cover.jpg
tt1375666	https://img.yts.lt/assets/images/movies/inception_2010/large-cover.jpg
tt0080684	https://img.yts.lt/assets/images/movies/star_wars_episode_v_the_empire_strikes_back_1980/large-cover.jpg
tt0167261	https://img.yts.lt/assets/images/movies/the_lord_of_the_rings_the_two_towers_2002/large-cover.jpg
tt0133093	https://img.yts.lt/assets/images/movies/the_matrix_1999/large-cover.jpg
tt0073486	https://img.yts.lt/assets/images/movies/one_flew_over_the_cuckoos_nest_1975/large-cover.jpg
tt0099685	https://img.yts.lt/assets/images/movies/goodfellas_1990/large-cover.jpg
tt0047478	https://img.yts.lt/assets/images/movies/seven_samurai_1954/large-cover.jpg
tt0114369	https://img.yts.lt/assets/images/movies/se7en_1995/large-cover.jpg
tt0317248	https://img.yts.lt/assets/images/movies/city_of_god_2002/large-cover.jpg
tt0118799	https://img.yts.lt/assets/images/movies/life_is_beautiful_1997/large-cover.jpg
tt0102926	https://img.yts.lt/assets/images/movies/the_silence_of_the_lambs_1991/large-cover.jpg
tt0076759	https://img.yts.lt/assets/images/movies/star_wars_episode_iv__new_hope_1977/large-cover.jpg
tt0038650	https://img.yts.lt/assets/images/movies/its_a_wonderful_life_1946/large-cover.jpg
tt0120815	https://img.yts.lt/assets/images/movies/saving_private_ryan_1998/large-cover.jpg
tt0245429	https://img.yts.lt/assets/images/movies/spirited_away_2001/large-cover.jpg
tt0120689	https://img.yts.lt/assets/images/movies/the_green_mile_1999/large-cover.jpg
tt0110413	https://img.yts.lt/assets/images/movies/léon_the_professional_1994/large-cover.jpg
tt0114814	https://img.yts.lt/assets/images/movies/the_usual_suspects_1995/large-cover.jpg
tt4154796	https://img.yts.lt/assets/images/movies/avengers_endgame_2019/large-cover.jpg
tt0816692	https://img.yts.lt/assets/images/movies/interstellar_2014/large-cover.jpg
tt0120586	https://img.yts.lt/assets/images/movies/american_history_x_1998/large-cover.jpg
tt0110357	https://img.yts.lt/assets/images/movies/the_lion_king_1994/large-cover.jpg
tt0088763	https://img.yts.lt/assets/images/movies/back_to_the_future_1985/large-cover.jpg
tt0027977	https://img.yts.lt/assets/images/movies/modern_times_1936/large-cover.jpg
tt0253474	https://img.yts.lt/assets/images/movies/the_pianist_2002/large-cover.jpg
tt0103064	https://img.yts.lt/assets/images/movies/terminator_2_judgment_day_1991/large-cover.jpg
tt1675434	https://img.yts.lt/assets/images/movies/the_intouchables_2011/large-cover.jpg
tt0054215	https://img.yts.lt/assets/images/movies/psycho_1960/large-cover.jpg
tt0021749	https://img.yts.lt/assets/images/movies/city_lights_1931/large-cover.jpg
tt0172495	https://img.yts.lt/assets/images/movies/gladiator_2000/large-cover.jpg
tt0407887	https://img.yts.lt/assets/images/movies/the_departed_2006/large-cover.jpg
tt2582802	https://img.yts.lt/assets/images/movies/whiplash_2014/large-cover.jpg
tt0064116	https://img.yts.lt/assets/images/movies/once_upon_a_time_in_the_west_1968/large-cover.jpg
tt0482571	https://img.yts.lt/assets/images/movies/the_prestige_2006/large-cover.jpg
tt0034583	https://img.yts.lt/assets/images/movies/casablanca_1942/large-cover.jpg
tt0095327	https://img.yts.lt/assets/images/movies/grave_of_the_fireflies_1988/large-cover.jpg
tt0047396	https://img.yts.lt/assets/images/movies/rear_window_1954/large-cover.jpg
tt0082971	https://img.yts.lt/assets/images/movies/raiders_of_the_lost_ark_1981/large-cover.jpg
tt0095765	https://img.yts.lt/assets/images/movies/cinema_paradiso_1988/large-cover.jpg
tt0078748	https://img.yts.lt/assets/images/movies/alien_1979/large-cover.jpg
tt0209144	https://img.yts.lt/assets/images/movies/memento_2000/large-cover.jpg
tt0078788	https://img.yts.lt/assets/images/movies/apocalypse_now_1979/large-cover.jpg
tt0032553	https://img.yts.lt/assets/images/movies/the_great_dictator_1940/large-cover.jpg
tt0405094	https://img.yts.lt/assets/images/movies/the_lives_of_others_2006/large-cover.jpg
tt4154756	https://img.yts.lt/assets/images/movies/avengers_infinity_war_2018/large-cover.jpg
tt4633694	https://img.yts.lt/assets/images/movies/spiderman_into_the_spiderverse_2018/large-cover.jpg
tt1853728	https://img.yts.lt/assets/images/movies/django_unchained_2012/large-cover.jpg
tt0050825	https://img.yts.lt/assets/images/movies/paths_of_glory_1957/large-cover.jpg
tt0081505	https://img.yts.lt/assets/images/movies/the_shining_1980/large-cover.jpg
tt0910970	https://img.yts.lt/assets/images/movies/walle_2008/large-cover.jpg
tt0043014	https://img.yts.lt/assets/images/movies/sunset_blvd_1950/large-cover.jpg
tt0057012	https://img.yts.lt/assets/images/movies/dr_strangelove_or_how_i_learned_to_stop_worrying_and_love_the_bomb_1964/large-cover.jpg
tt0119698	https://img.yts.lt/assets/images/movies/princess_mononoke_1997/large-cover.jpg
tt0364569	https://img.yts.lt/assets/images/movies/oldboy_2003/large-cover.jpg
tt0051201	https://img.yts.lt/assets/images/movies/witness_for_the_prosecution_1957/large-cover.jpg
tt1345836	https://img.yts.lt/assets/images/movies/the_dark_knight_rises_2012/large-cover.jpg
tt0087843	https://img.yts.lt/assets/images/movies/once_upon_a_time_in_america_1984/large-cover.jpg
tt0090605	https://img.yts.lt/assets/images/movies/aliens_1986/large-cover.jpg
tt0169547	https://img.yts.lt/assets/images/movies/american_beauty_1999/large-cover.jpg
tt2380307	https://img.yts.lt/assets/images/movies/coco_2017/large-cover.jpg
tt5311514	https://img.yts.lt/assets/images/movies/your_name_2016/large-cover.jpg
tt0112573	https://img.yts.lt/assets/images/movies/braveheart_1995/large-cover.jpg
tt0082096	https://img.yts.lt/assets/images/movies/das_boot_1981/large-cover.jpg
tt1187043	https://img.yts.lt/assets/images/movies/3_idiots_2009/large-cover.jpg
tt0086190	https://img.yts.lt/assets/images/movies/star_wars_episode_vi_return_of_the_jedi_1983/large-cover.jpg
tt0986264	https://img.yts.lt/assets/images/movies/like_stars_on_earth_2007/large-cover.jpg
tt0105236	https://img.yts.lt/assets/images/movies/reservoir_dogs_1992/large-cover.jpg
tt0114709	https://img.yts.lt/assets/images/movies/toy_story_1995/large-cover.jpg
tt0086879	https://img.yts.lt/assets/images/movies/amadeus_1984/large-cover.jpg
tt5074352	https://img.yts.lt/assets/images/movies/dangal_2016/large-cover.jpg
tt0022100	https://img.yts.lt/assets/images/movies/m_1931/large-cover.jpg
tt0052357	https://img.yts.lt/assets/images/movies/vertigo_1958/large-cover.jpg
tt0180093	https://img.yts.lt/assets/images/movies/requiem_for_a_dream_2000/large-cover.jpg
tt0119217	https://img.yts.lt/assets/images/movies/good_will_hunting_1997/large-cover.jpg
tt0062622	https://img.yts.lt/assets/images/movies/2001_a_space_odyssey_1968/large-cover.jpg
tt0361748	https://img.yts.lt/assets/images/movies/inglourious_basterds_2009/large-cover.jpg
tt0033467	https://img.yts.lt/assets/images/movies/citizen_kane_1941/large-cover.jpg
tt0338013	https://img.yts.lt/assets/images/movies/eternal_sunshine_of_the_spotless_mind_2004/large-cover.jpg
tt0053125	https://img.yts.lt/assets/images/movies/north_by_northwest_1959/large-cover.jpg
tt0093058	https://img.yts.lt/assets/images/movies/full_metal_jacket_1987/large-cover.jpg
tt2106476	https://img.yts.lt/assets/images/movies/the_hunt_2012/large-cover.jpg
tt0066921	https://img.yts.lt/assets/images/movies/a_clockwork_orange_1971/large-cover.jpg
tt0208092	https://img.yts.lt/assets/images/movies/snatch_2000/large-cover.jpg
tt0211915	https://img.yts.lt/assets/images/movies/amélie_2001/large-cover.jpg
tt0012349	https://img.yts.lt/assets/images/movies/the_kid_1921/large-cover.jpg
tt0040522	https://img.yts.lt/assets/images/movies/bicycle_thieves_1948/large-cover.jpg
tt0056172	https://img.yts.lt/assets/images/movies/lawrence_of_arabia_1962/large-cover.jpg
tt0045152	https://img.yts.lt/assets/images/movies/singin_in_the_rain_1952/large-cover.jpg
tt0086250	https://img.yts.lt/assets/images/movies/scarface_1983/large-cover.jpg
tt0435761	https://img.yts.lt/assets/images/movies/toy_story_3_2010/large-cover.jpg
tt0075314	https://img.yts.lt/assets/images/movies/taxi_driver_1976/large-cover.jpg
tt0070735	https://img.yts.lt/assets/images/movies/the_sting_1973/large-cover.jpg
tt0059578	https://img.yts.lt/assets/images/movies/for_a_few_dollars_more_1965/large-cover.jpg
tt0017136	https://img.yts.lt/assets/images/movies/metropolis_1927/large-cover.jpg
tt0036775	https://img.yts.lt/assets/images/movies/double_indemnity_1944/large-cover.jpg
tt0056592	https://img.yts.lt/assets/images/movies/to_kill_a_mockingbird_1962/large-cover.jpg
tt1832382	https://img.yts.lt/assets/images/movies/a_separation_2011/large-cover.jpg
tt0044741	https://img.yts.lt/assets/images/movies/ikiru_1952/large-cover.jpg
tt0097576	https://img.yts.lt/assets/images/movies/indiana_jones_and_the_last_crusade_1989/large-cover.jpg
tt0053604	https://img.yts.lt/assets/images/movies/the_apartment_1960/large-cover.jpg
tt0119488	https://img.yts.lt/assets/images/movies/la_confidential_1997/large-cover.jpg
tt0071853	https://img.yts.lt/assets/images/movies/monty_python_and_the_holy_grail_1975/large-cover.jpg
tt1049413	https://img.yts.lt/assets/images/movies/up_2009/large-cover.jpg
tt1255953	https://img.yts.lt/assets/images/movies/incendies_2010/large-cover.jpg
tt0113277	https://img.yts.lt/assets/images/movies/heat_1995/large-cover.jpg
tt0042876	https://img.yts.lt/assets/images/movies/rashomon_1950/large-cover.jpg
tt0055630	https://img.yts.lt/assets/images/movies/yojimbo_1961/large-cover.jpg
tt0372784	https://img.yts.lt/assets/images/movies/batman_begins_2005/large-cover.jpg
tt0095016	https://img.yts.lt/assets/images/movies/die_hard_1988/large-cover.jpg
tt6966692	https://img.yts.lt/assets/images/movies/green_book_2018/large-cover.jpg
tt0105695	https://img.yts.lt/assets/images/movies/unforgiven_1992/large-cover.jpg
tt0363163	https://img.yts.lt/assets/images/movies/downfall_2004/large-cover.jpg
tt0118849	https://img.yts.lt/assets/images/movies/children_of_heaven_1997/large-cover.jpg
tt0053291	https://img.yts.lt/assets/images/movies/some_like_it_hot_1959/large-cover.jpg
tt0347149	https://img.yts.lt/assets/images/movies/howls_moving_castle_2004/large-cover.jpg
tt0057115	https://img.yts.lt/assets/images/movies/the_great_escape_1963/large-cover.jpg
tt0096283	https://img.yts.lt/assets/images/movies/my_neighbor_totoro_1988/large-cover.jpg
tt0042192	https://img.yts.lt/assets/images/movies/all_about_eve_1950/large-cover.jpg
tt0089881	https://img.yts.lt/assets/images/movies/ran_1985/large-cover.jpg
tt0268978	https://img.yts.lt/assets/images/movies/a_beautiful_mind_2001/large-cover.jpg
tt0457430	https://img.yts.lt/assets/images/movies/pans_labyrinth_2006/large-cover.jpg
tt0081398	https://img.yts.lt/assets/images/movies/raging_bull_1980/large-cover.jpg
tt1305806	https://img.yts.lt/assets/images/movies/the_secret_in_their_eyes_2009/large-cover.jpg
tt0112641	https://img.yts.lt/assets/images/movies/casino_1995/large-cover.jpg
tt0120735	https://img.yts.lt/assets/images/movies/lock_stock_and_two_smoking_barrels_1998/large-cover.jpg
tt0476735	https://img.yts.lt/assets/images/movies/my_father_and_my_son_2005/large-cover.jpg
tt0091251	https://img.yts.lt/assets/images/movies/come_and_see_1985/large-cover.jpg
tt0040897	https://img.yts.lt/assets/images/movies/the_treasure_of_the_sierra_madre_1948/large-cover.jpg
tt0055031	https://img.yts.lt/assets/images/movies/judgment_at_nuremberg_1961/large-cover.jpg
tt0993846	https://img.yts.lt/assets/images/movies/the_wolf_of_wall_street_2013/large-cover.jpg
tt5027774	https://img.yts.lt/assets/images/movies/three_billboards_outside_ebbing_missouri_2017/large-cover.jpg
tt0071315	https://img.yts.lt/assets/images/movies/chinatown_1974/large-cover.jpg
tt0015864	https://img.yts.lt/assets/images/movies/the_gold_rush_1925/large-cover.jpg
tt2096673	https://img.yts.lt/assets/images/movies/inside_out_2015/large-cover.jpg
tt0046912	https://img.yts.lt/assets/images/movies/dial_m_for_murder_1954/large-cover.jpg
tt0434409	https://img.yts.lt/assets/images/movies/v_for_vendetta_2005/large-cover.jpg
tt0050976	https://img.yts.lt/assets/images/movies/the_seventh_seal_1957/large-cover.jpg
tt1291584	https://img.yts.lt/assets/images/movies/warrior_2011/large-cover.jpg
tt0469494	https://img.yts.lt/assets/images/movies/there_will_be_blood_2007/large-cover.jpg
tt3170832	https://img.yts.lt/assets/images/movies/room_2015/large-cover.jpg
tt0117951	https://img.yts.lt/assets/images/movies/trainspotting_1996/large-cover.jpg
tt8108198	https://img.yts.lt/assets/images/movies/andhadhun_2018/large-cover.jpg
tt0477348	https://img.yts.lt/assets/images/movies/no_country_for_old_men_2007/large-cover.jpg
tt0080678	https://img.yts.lt/assets/images/movies/the_elephant_man_1980/large-cover.jpg
tt7131622	https://img.yts.lt/assets/images/movies/once_upon_a_time_in_hollywood_2019/large-cover.jpg
tt0167404	https://img.yts.lt/assets/images/movies/the_sixth_sense_1999/large-cover.jpg
tt0041959	https://img.yts.lt/assets/images/movies/the_third_man_1949/large-cover.jpg
tt0050212	https://img.yts.lt/assets/images/movies/the_bridge_on_the_river_kwai_1957/large-cover.jpg
tt0084787	https://img.yts.lt/assets/images/movies/the_thing_1982/large-cover.jpg
tt1130884	https://img.yts.lt/assets/images/movies/shutter_island_2010/large-cover.jpg
tt0047296	https://img.yts.lt/assets/images/movies/on_the_waterfront_1954/large-cover.jpg
tt0031381	https://img.yts.lt/assets/images/movies/gone_with_the_wind_1939/large-cover.jpg
tt0116231	https://img.yts.lt/assets/images/movies/the_bandit_1996/large-cover.jpg
tt0083658	https://img.yts.lt/assets/images/movies/blade_runner_1982/large-cover.jpg
tt0050986	https://img.yts.lt/assets/images/movies/wild_strawberries_1957/large-cover.jpg
tt0266543	https://img.yts.lt/assets/images/movies/finding_nemo_2003/large-cover.jpg
tt0107290	https://img.yts.lt/assets/images/movies/jurassic_park_1993/large-cover.jpg
tt1205489	https://img.yts.lt/assets/images/movies/gran_torino_2008/large-cover.jpg
tt0116282	https://img.yts.lt/assets/images/movies/fargo_1996/large-cover.jpg
tt0266697	https://img.yts.lt/assets/images/movies/kill_bill_vol_1_2003/large-cover.jpg
tt0077416	https://img.yts.lt/assets/images/movies/the_deer_hunter_1978/large-cover.jpg
tt0118715	https://img.yts.lt/assets/images/movies/the_big_lebowski_1998/large-cover.jpg
tt0046438	https://img.yts.lt/assets/images/movies/tokyo_story_1953/large-cover.jpg
tt0079944	https://img.yts.lt/assets/images/movies/stalker_1979/large-cover.jpg
tt0120382	https://img.yts.lt/assets/images/movies/the_truman_show_1998/large-cover.jpg
tt0978762	https://img.yts.lt/assets/images/movies/mary_and_max_2009/large-cover.jpg
tt3011894	https://img.yts.lt/assets/images/movies/wild_tales_2014/large-cover.jpg
tt2119532	https://img.yts.lt/assets/images/movies/hacksaw_ridge_2016/large-cover.jpg
tt2267998	https://img.yts.lt/assets/images/movies/gone_girl_2014/large-cover.jpg
tt0017925	https://img.yts.lt/assets/images/movies/the_general_1926/large-cover.jpg
tt0031679	https://img.yts.lt/assets/images/movies/mr_smith_goes_to_washington_1939/large-cover.jpg
tt0107207	https://img.yts.lt/assets/images/movies/in_the_name_of_the_father_1993/large-cover.jpg
tt0015324	https://img.yts.lt/assets/images/movies/sherlock_jr_1924/large-cover.jpg
tt0892769	https://img.yts.lt/assets/images/movies/how_to_train_your_dragon_2010/large-cover.jpg
tt1979376	https://img.yts.lt/assets/images/movies/toy_story_4_2019/large-cover.jpg
tt2278388	https://img.yts.lt/assets/images/movies/the_grand_budapest_hotel_2014/large-cover.jpg
tt0060827	https://img.yts.lt/assets/images/movies/persona_1966/large-cover.jpg
tt0353969	https://img.yts.lt/assets/images/movies/memories_of_murder_2003/large-cover.jpg
tt0112471	https://img.yts.lt/assets/images/movies/before_sunrise_1995/large-cover.jpg
tt0758758	https://img.yts.lt/assets/images/movies/into_the_wild_2007/large-cover.jpg
tt0264464	https://img.yts.lt/assets/images/movies/catch_me_if_you_can_2002/large-cover.jpg
tt0061512	https://img.yts.lt/assets/images/movies/cool_hand_luke_1967/large-cover.jpg
tt0046268	https://img.yts.lt/assets/images/movies/the_wages_of_fear_1953/large-cover.jpg
tt0060107	https://img.yts.lt/assets/images/movies/andrei_rublev_1966/large-cover.jpg
tt2024544	https://img.yts.lt/assets/images/movies/12_years_a_slave_2013/large-cover.jpg
tt0074958	https://img.yts.lt/assets/images/movies/network_1976/large-cover.jpg
tt0079470	https://img.yts.lt/assets/images/movies/monty_pythons_life_of_brian_1979/large-cover.jpg
tt0405508	https://img.yts.lt/assets/images/movies/rang_de_basanti_2006/large-cover.jpg
tt0019254	https://img.yts.lt/assets/images/movies/the_passion_of_joan_of_arc_1928/large-cover.jpg
tt1392214	https://img.yts.lt/assets/images/movies/prisoners_2013/large-cover.jpg
tt0092005	https://img.yts.lt/assets/images/movies/stand_by_me_1986/large-cover.jpg
tt0091763	https://img.yts.lt/assets/images/movies/platoon_1986/large-cover.jpg
tt1392190	https://img.yts.lt/assets/images/movies/mad_max_fury_road_2015/large-cover.jpg
tt1979320	https://img.yts.lt/assets/images/movies/rush_2013/large-cover.jpg
tt0405159	https://img.yts.lt/assets/images/movies/million_dollar_baby_2004/large-cover.jpg
tt1028532	https://img.yts.lt/assets/images/movies/hachi_a_dogs_tale_2009/large-cover.jpg
tt0052618	https://img.yts.lt/assets/images/movies/benhur_1959/large-cover.jpg
tt3315342	https://img.yts.lt/assets/images/movies/logan_2017/large-cover.jpg
tt0395169	https://img.yts.lt/assets/images/movies/hotel_rwanda_2004/large-cover.jpg
tt0245712	https://img.yts.lt/assets/images/movies/amores_perros_2000/large-cover.jpg
tt0072684	https://img.yts.lt/assets/images/movies/barry_lyndon_1975/large-cover.jpg
tt0087544	https://img.yts.lt/assets/images/movies/nausicaä_of_the_valley_of_the_wind_1984/large-cover.jpg
tt0053198	https://img.yts.lt/assets/images/movies/the_400_blows_1959/large-cover.jpg
tt1895587	https://img.yts.lt/assets/images/movies/spotlight_2015/large-cover.jpg
tt1201607	https://img.yts.lt/assets/images/movies/harry_potter_and_the_deathly_hallows_part_2_2011/large-cover.jpg
tt0097165	https://img.yts.lt/assets/images/movies/dead_poets_society_1989/large-cover.jpg
tt0032976	https://img.yts.lt/assets/images/movies/rebecca_1940/large-cover.jpg
tt0075148	https://img.yts.lt/assets/images/movies/rocky_1976/large-cover.jpg
tt1954470	https://img.yts.lt/assets/images/movies/gangs_of_wasseypur_2012/large-cover.jpg
tt0025316	https://img.yts.lt/assets/images/movies/it_happened_one_night_1934/large-cover.jpg
tt0198781	https://img.yts.lt/assets/images/movies/monsters_inc_2001/large-cover.jpg
tt0169102	https://img.yts.lt/assets/images/movies/lagaan_once_upon_a_time_in_india_2001/large-cover.jpg
tt0056732	https://img.yts.lt/assets/images/movies/the_exterminating_angel_1962/large-cover.jpg
tt0113247	https://img.yts.lt/assets/images/movies/la_haine_1995/large-cover.jpg
tt0374887	https://img.yts.lt/assets/images/movies/munna_bhai_mbbs_2003/large-cover.jpg
tt0169858	https://img.yts.lt/assets/images/movies/neon_genesis_evangelion_the_end_of_evangelion_1997/large-cover.jpg
tt4016934	https://img.yts.lt/assets/images/movies/the_handmaiden_2016/large-cover.jpg
tt0093779	https://img.yts.lt/assets/images/movies/the_princess_bride_1987/large-cover.jpg
tt0367110	https://img.yts.lt/assets/images/movies/swades_2004/large-cover.jpg
tt2338151	https://img.yts.lt/assets/images/movies/pk_2014/large-cover.jpg
tt0064115	https://img.yts.lt/assets/images/movies/butch_cassidy_and_the_sundance_kid_1969/large-cover.jpg
tt4430212	https://img.yts.lt/assets/images/movies/drishyam_2015/large-cover.jpg
tt0292490	https://img.yts.lt/assets/images/movies/dil_chahta_hai_2001/large-cover.jpg
tt1454029	https://img.yts.lt/assets/images/movies/the_help_2011/large-cover.jpg
tt1280558	https://img.yts.lt/assets/images/movies/a_wednesday_2008/large-cover.jpg
tt0073707	https://img.yts.lt/assets/images/movies/sholay_1975/large-cover.jpg
tt0094625	https://img.yts.lt/assets/images/movies/akira_1988/large-cover.jpg
tt0381681	https://img.yts.lt/assets/images/movies/before_sunset_2004/large-cover.jpg
tt0088247	https://img.yts.lt/assets/images/movies/the_terminator_1984/large-cover.jpg
tt0087884	https://img.yts.lt/assets/images/movies/paris_texas_1984/large-cover.jpg
tt0871510	https://img.yts.lt/assets/images/movies/chak_de_india_2007/large-cover.jpg
tt0118694	https://img.yts.lt/assets/images/movies/in_the_mood_for_love_2000/large-cover.jpg
tt0338564	https://img.yts.lt/assets/images/movies/infernal_affairs_2002/large-cover.jpg
tt0120731	https://img.yts.lt/assets/images/movies/the_legend_of_1900_1998/large-cover.jpg
tt0058946	https://img.yts.lt/assets/images/movies/the_battle_of_algiers_1966/large-cover.jpg
tt2015381	https://img.yts.lt/assets/images/movies/guardians_of_the_galaxy_2014/large-cover.jpg
tt2758880	https://img.yts.lt/assets/images/movies/winter_sleep_2014/large-cover.jpg
tt0018455	https://img.yts.lt/assets/images/movies/sunrise_1927/large-cover.jpg
