TitleID	Movie Title	Genres	Runtime	Adult	URL	DESCRIPTION
tt0111161	The Shawshank Redemption	Drama	2h 22min	No	https://img.yts.lt/assets/images/movies/the_shawshank_redemption_1994/large-cover.jpg	Two imprisoned men bond over a number of years, finding solace and eventual redemption through acts of common decency.
tt0068646	The Godfather	Crime, Drama	2h 55min	No	https://img.yts.lt/assets/images/movies/the_godfather_1972/large-cover.jpg	The aging patriarch of an organized crime dynasty transfers control of his clandestine empire to his reluctant son.
tt0071562	The Godfather: Part II	Crime, Drama	3h 22min	No	https://img.yts.lt/assets/images/movies/the_godfather_part_ii_1974/large-cover.jpg	The early life and career of Vito Corleone in 1920s New York City is portrayed, while his son, Michael, expands and tightens his grip on the family crime syndicate.
tt0468569	The Dark Knight	Action, Crime, Drama, Thriller	2h 32min	No	https://img.yts.lt/assets/images/movies/the_dark_knight_2008/large-cover.jpg	When the menace known as The Joker emerges from his mysterious past, he wreaks havoc and chaos on the people of Gotham. The Dark Knight must accept one of the greatest psychological and physical tests of his ability to fight injustice.
tt0050083	12 Angry Men	Drama	1h 36min	No	https://img.yts.lt/assets/images/movies/12_angry_men_1957/large-cover.jpg	A jury holdout attempts to prevent a miscarriage of justice by forcing his colleagues to reconsider the evidence.
tt0108052	Schindler's List	Biography, Drama, History	3h 15min	Yes	https://img.yts.lt/assets/images/movies/schindlers_list_1993/large-cover.jpg	In German-occupied Poland during World War II, industrialist Oskar Schindler gradually becomes concerned for his Jewish workforce after witnessing their persecution by the Nazis.
tt0167260	The Lord of the Rings: The Return of the King	Adventure, Drama, Fantasy	3h 21min	No	https://img.yts.lt/assets/images/movies/the_lord_of_the_rings_the_return_of_the_king_2003/large-cover.jpg	Gandalf and Aragorn lead the World of Men against Sauron's army to draw his gaze from Frodo and Sam as they approach Mount Doom with the One Ring.
tt0110912	Pulp Fiction	Crime, Drama	2h 34min	No	https://img.yts.lt/assets/images/movies/pulp_fiction_1994/large-cover.jpg	The lives of two mob hitmen, a boxer, a gangster and his wife, and a pair of diner bandits intertwine in four tales of violence and redemption.
tt0060196	The Good, the Bad and the Ugly	Western	2h 41min	No	https://img.yts.lt/assets/images/movies/the_good_the_bad_and_the_ugly_1966/large-cover.jpg	A bounty hunting scam joins two men in an uneasy alliance against a third in a race to find a fortune in gold buried in a remote cemetery.
tt0137523	Fight Club	Drama	2h 19min	Yes	https://img.yts.lt/assets/images/movies/fight_club_1999/large-cover.jpg	An insomniac office worker and a devil-may-care soapmaker form an underground fight club that evolves into something much, much more.
tt0120737	The Lord of the Rings: The Fellowship of the Ring	Adventure, Drama, Fantasy	2h 58min	No	https://img.yts.lt/assets/images/movies/the_lord_of_the_rings_the_fellowship_of_the_ring_2001/large-cover.jpg	A meek Hobbit from the Shire and eight companions set out on a journey to destroy the powerful One Ring and save Middle-earth from the Dark Lord Sauron.
tt0109830	Forrest Gump	Drama, Romance	2h 22min	No	https://img.yts.lt/assets/images/movies/forrest_gump_1994/large-cover.jpg	The presidencies of Kennedy and Johnson, the events of Vietnam, Watergate, and other history unfold through the perspective of an Alabama man with an IQ of 75.
tt1375666	Inception	Action, Adventure, Sci-Fi, Thriller	2h 28min	No	https://img.yts.lt/assets/images/movies/inception_2010/large-cover.jpg	A thief who steals corporate secrets through the use of dream-sharing technology is given the inverse task of planting an idea into the mind of a C.E.O.
tt0080684	Star Wars: Episode V - The Empire Strikes Back	Action, Adventure, Fantasy, Sci-Fi	2h 4min	No	https://img.yts.lt/assets/images/movies/star_wars_episode_v_the_empire_strikes_back_1980/large-cover.jpg	After the Rebels are brutally overpowered by the Empire on the ice planet Hoth, Luke Skywalker begins Jedi training with Yoda, while his friends are pursued by Darth Vader.
tt0167261	The Lord of the Rings: The Two Towers	Adventure, Drama, Fantasy	2h 59min	No	https://img.yts.lt/assets/images/movies/the_lord_of_the_rings_the_two_towers_2002/large-cover.jpg	While Frodo and Sam edge closer to Mordor with the help of the shifty Gollum, the divided fellowship makes a stand against Sauron's new ally, Saruman, and his hordes of Isengard.
tt0133093	The Matrix	Action, Sci-Fi	2h 16min	No	https://img.yts.lt/assets/images/movies/the_matrix_1999/large-cover.jpg	A computer hacker learns from mysterious rebels about the true nature of his reality and his role in the war against its controllers.
tt0073486	One Flew Over the Cuckoo's Nest	Drama	2h 13min	No	https://img.yts.lt/assets/images/movies/one_flew_over_the_cuckoos_nest_1975/large-cover.jpg	A criminal pleads insanity after getting into trouble again and once in the mental institution rebels against the oppressive nurse and rallies up the scared patients.
tt0099685	Goodfellas	Biography, Crime, Drama	2h 26min	No	https://img.yts.lt/assets/images/movies/goodfellas_1990/large-cover.jpg	The story of Henry Hill and his life in the mob, covering his relationship with his wife Karen Hill and his mob partners Jimmy Conway and Tommy DeVito in the Italian-American crime syndicate.
tt0047478	Seven Samurai	Adventure, Drama	3h 27min	No	https://img.yts.lt/assets/images/movies/seven_samurai_1954/large-cover.jpg	A poor village under attack by bandits recruits seven unemployed samurai to help them defend themselves.
tt0114369	Se7en	Crime, Drama, Mystery, Thriller	2h 7min	Yes	https://img.yts.lt/assets/images/movies/se7en_1995/large-cover.jpg	Two detectives, a rookie and a veteran, hunt a serial killer who uses the seven deadly sins as his motives.
tt0317248	City of God	Crime, Drama	2h 10min	Yes	https://img.yts.lt/assets/images/movies/city_of_god_2002/large-cover.jpg	In the slums of Rio, two kids' paths diverge as one struggles to become a photographer and the other a kingpin.
tt0118799	Life Is Beautiful	Comedy, Drama, Romance, War	1h 56min	No	https://img.yts.lt/assets/images/movies/life_is_beautiful_1997/large-cover.jpg	When an open-minded Jewish librarian and his son become victims of the Holocaust, he uses a perfect mixture of will, humor, and imagination to protect his son from the dangers around their camp.
tt0102926	The Silence of the Lambs	Crime, Drama, Thriller	1h 58min	No	https://img.yts.lt/assets/images/movies/the_silence_of_the_lambs_1991/large-cover.jpg	A young F.B.I. cadet must receive the help of an incarcerated and manipulative cannibal killer to help catch another serial killer, a madman who skins his victims.
tt0076759	Star Wars: Episode IV - A New Hope	Action, Adventure, Fantasy, Sci-Fi	2h 1min	No	https://img.yts.lt/assets/images/movies/star_wars_episode_iv__new_hope_1977/large-cover.jpg	Luke Skywalker joins forces with a Jedi Knight, a cocky pilot, a Wookiee and two droids to save the galaxy from the Empire's world-destroying battle station, while also attempting to rescue Princess Leia from the mysterious Darth Vader.
tt0038650	It's a Wonderful Life	Drama, Family, Fantasy	2h 10min	No	https://img.yts.lt/assets/images/movies/its_a_wonderful_life_1946/large-cover.jpg	An angel is sent from Heaven to help a desperately frustrated businessman by showing him what life would have been like if he had never existed.
tt0120815	Saving Private Ryan	Drama, War	2h 49min	Yes	https://img.yts.lt/assets/images/movies/saving_private_ryan_1998/large-cover.jpg	Following the Normandy Landings, a group of U.S. soldiers go behind enemy lines to retrieve a paratrooper whose brothers have been killed in action.
tt0245429	Spirited Away	Animation, Adventure, Family, Fantasy, Mystery	2h 5min	No	https://img.yts.lt/assets/images/movies/spirited_away_2001/large-cover.jpg	During her family's move to the suburbs, a sullen 10-year-old girl wanders into a world ruled by gods, witches, and spirits, and where humans are changed into beasts.
tt0120689	The Green Mile	Crime, Drama, Fantasy, Mystery	3h 9min	Yes	https://img.yts.lt/assets/images/movies/the_green_mile_1999/large-cover.jpg	The lives of guards on Death Row are affected by one of their charges: a black man accused of child murder and rape, yet who has a mysterious gift.
tt0110413	Léon: The Professional	Action, Crime, Drama, Thriller	1h 50min	Yes	https://img.yts.lt/assets/images/movies/léon_the_professional_1994/large-cover.jpg	Mathilda, a 12-year-old girl, is reluctantly taken in by Léon, a professional assassin, after her family is murdered. Léon and Mathilda form an unusual relationship, as she becomes his protégée and learns the assassin's trade.
tt0114814	The Usual Suspects	Crime, Mystery, Thriller	1h 46min	Yes	https://img.yts.lt/assets/images/movies/the_usual_suspects_1995/large-cover.jpg	A sole survivor tells of the twisty events leading up to a horrific gun battle on a boat, which began when five criminals met at a seemingly random police lineup.
tt4154796	Avengers: Endgame	Action, Adventure, Sci-Fi	3h 1min	No	https://img.yts.lt/assets/images/movies/avengers_endgame_2019/large-cover.jpg	After the devastating events of Avengers: Infinity War (2018), the universe is in ruins. With the help of remaining allies, the Avengers assemble once more in order to reverse Thanos' actions and restore balance to the universe.
tt0816692	Interstellar	Adventure, Drama, Sci-Fi	2h 49min	No	https://img.yts.lt/assets/images/movies/interstellar_2014/large-cover.jpg	A team of explorers travel through a wormhole in space in an attempt to ensure humanity's survival.
tt0120586	American History X	Drama	1h 59min	Yes	https://img.yts.lt/assets/images/movies/american_history_x_1998/large-cover.jpg	A former neo-nazi skinhead tries to prevent his younger brother from going down the same wrong path that he did.
tt0110357	The Lion King	Animation, Adventure, Drama, Family, Musical	1h 28min	No	https://img.yts.lt/assets/images/movies/the_lion_king_1994/large-cover.jpg	A Lion cub crown prince is tricked by a treacherous uncle into thinking he caused his father's death and flees into exile in despair, only to learn in adulthood his identity and his responsibilities.
tt0088763	Back to the Future	Adventure, Comedy, Sci-Fi	1h 56min	No	https://img.yts.lt/assets/images/movies/back_to_the_future_1985/large-cover.jpg	Marty McFly, a 17-year-old high school student, is accidentally sent thirty years into the past in a time-traveling DeLorean invented by his close friend, the maverick scientist Doc Brown.
tt0027977	Modern Times	Comedy, Drama, Family, Romance	1h 27min	No	https://img.yts.lt/assets/images/movies/modern_times_1936/large-cover.jpg	The Tramp struggles to live in modern industrial society with the help of a young homeless woman.
tt0253474	The Pianist	Biography, Drama, Music, War	2h 30min	Yes	https://img.yts.lt/assets/images/movies/the_pianist_2002/large-cover.jpg	A Polish Jewish musician struggles to survive the destruction of the Warsaw ghetto of World War II.
tt0103064	Terminator 2: Judgment Day	Action, Sci-Fi	2h 17min	No	https://img.yts.lt/assets/images/movies/terminator_2_judgment_day_1991/large-cover.jpg	A cyborg, identical to the one who failed to kill Sarah Connor, must now protect her teenage son, John Connor, from a more advanced and powerful cyborg.
tt1675434	The Intouchables	Biography, Comedy, Drama	1h 52min	Yes	https://img.yts.lt/assets/images/movies/the_intouchables_2011/large-cover.jpg	After he becomes a quadriplegic from a paragliding accident, an aristocrat hires a young man from the projects to be his caregiver.
tt0054215	Psycho	Horror, Mystery, Thriller	1h 49min	Yes	https://img.yts.lt/assets/images/movies/psycho_1960/large-cover.jpg	A Phoenix secretary embezzles forty thousand dollars from her employer's client, goes on the run, and checks into a remote motel run by a young man under the domination of his mother.
tt0021749	City Lights	Comedy, Drama, Romance	1h 27min	No	https://img.yts.lt/assets/images/movies/city_lights_1931/large-cover.jpg	With the aid of a wealthy erratic tippler, a dewy-eyed tramp who has fallen in love with a sightless flower girl accumulates money to be able to help her medically.
tt0172495	Gladiator	Action, Adventure, Drama	2h 35min	No	https://img.yts.lt/assets/images/movies/gladiator_2000/large-cover.jpg	A former Roman General sets out to exact vengeance against the corrupt emperor who murdered his family and sent him into slavery.
tt0407887	The Departed	Crime, Drama, Thriller	2h 31min	No	https://img.yts.lt/assets/images/movies/the_departed_2006/large-cover.jpg	An undercover cop and a mole in the police attempt to identify each other while infiltrating an Irish gang in South Boston.
tt2582802	Whiplash	Drama, Music	1h 46min	No	https://img.yts.lt/assets/images/movies/whiplash_2014/large-cover.jpg	A promising young drummer enrolls at a cut-throat music conservatory where his dreams of greatness are mentored by an instructor who will stop at nothing to realize a student's potential.
tt0064116	Once Upon a Time in the West	Western	2h 45min	No	https://img.yts.lt/assets/images/movies/once_upon_a_time_in_the_west_1968/large-cover.jpg	A mysterious stranger with a harmonica joins forces with a notorious desperado to protect a beautiful widow from a ruthless assassin working for the railroad.
tt0482571	The Prestige	Drama, Mystery, Sci-Fi, Thriller	2h 10min	No	https://img.yts.lt/assets/images/movies/the_prestige_2006/large-cover.jpg	After a tragic accident, two stage magicians engage in a battle to create the ultimate illusion while sacrificing everything they have to outwit each other.
tt0034583	Casablanca	Drama, Romance, War	1h 42min	No	https://img.yts.lt/assets/images/movies/casablanca_1942/large-cover.jpg	A cynical American expatriate struggles to decide whether or not he should help his former lover and her fugitive husband escape French Morocco.
tt0095327	Grave of the Fireflies	Animation, Drama, War	1h 29min	No	https://img.yts.lt/assets/images/movies/grave_of_the_fireflies_1988/large-cover.jpg	A young boy and his little sister struggle to survive in Japan during World War II.
tt0047396	Rear Window	Mystery, Thriller	1h 52min	No	https://img.yts.lt/assets/images/movies/rear_window_1954/large-cover.jpg	A wheelchair-bound photographer spies on his neighbors from his apartment window and becomes convinced one of them has committed murder.
tt0082971	Raiders of the Lost Ark	Action, Adventure	1h 55min	No	https://img.yts.lt/assets/images/movies/raiders_of_the_lost_ark_1981/large-cover.jpg	In 1936, archaeologist and adventurer Indiana Jones is hired by the U.S. government to find the Ark of the Covenant before Adolf Hitler's Nazis can obtain its awesome powers.
tt0095765	Cinema Paradiso	Drama	2h 35min	Yes	https://img.yts.lt/assets/images/movies/cinema_paradiso_1988/large-cover.jpg	A filmmaker recalls his childhood when falling in love with the pictures at the cinema of his home village and forms a deep friendship with the cinema's projectionist.
tt0078748	Alien	Horror, Sci-Fi	1h 57min	No	https://img.yts.lt/assets/images/movies/alien_1979/large-cover.jpg	After a space merchant vessel perceives an unknown transmission as a distress call, its landing on the source moon finds one of the crew attacked by a mysterious lifeform, and they soon realize that its life cycle has merely begun.
tt0209144	Memento	Mystery, Thriller	1h 53min	Yes	https://img.yts.lt/assets/images/movies/memento_2000/large-cover.jpg	A man with short-term memory loss attempts to track down his wife's murderer.
tt0078788	Apocalypse Now	Drama, Mystery, War	2h 27min	No	https://img.yts.lt/assets/images/movies/apocalypse_now_1979/large-cover.jpg	A U.S. Army officer serving in Vietnam is tasked with assassinating a renegade Special Forces Colonel who sees himself as a god.
tt0032553	The Great Dictator	Comedy, Drama, War	2h 5min	No	https://img.yts.lt/assets/images/movies/the_great_dictator_1940/large-cover.jpg	Dictator Adenoid Hynkel tries to expand his empire while a poor Jewish barber tries to avoid persecution from Hynkel's regime.
tt0405094	The Lives of Others	Drama, Thriller	2h 17min	Yes	https://img.yts.lt/assets/images/movies/the_lives_of_others_2006/large-cover.jpg	In 1984 East Berlin, an agent of the secret police, conducting surveillance on a writer and his lover, finds himself becoming increasingly absorbed by their lives.
tt4154756	Avengers: Infinity War	Action, Adventure, Sci-Fi	2h 29min	No	https://img.yts.lt/assets/images/movies/avengers_infinity_war_2018/large-cover.jpg	The Avengers and their allies must be willing to sacrifice all in an attempt to defeat the powerful Thanos before his blitz of devastation and ruin puts an end to the universe.
tt4633694	Spider-Man: Into the Spider-Verse	Animation, Action, Adventure, Family, Sci-Fi	1h 57min	No	https://img.yts.lt/assets/images/movies/spiderman_into_the_spiderverse_2018/large-cover.jpg	Teen Miles Morales becomes Spider-Man of his reality, crossing his path with five counterparts from other dimensions to stop a threat for all realities.
tt1853728	Django Unchained	Drama, Western	2h 45min	No	https://img.yts.lt/assets/images/movies/django_unchained_2012/large-cover.jpg	With the help of a German bounty hunter, a freed slave sets out to rescue his wife from a brutal Mississippi plantation owner.
tt0050825	Paths of Glory	Drama, War	1h 28min	No	https://img.yts.lt/assets/images/movies/paths_of_glory_1957/large-cover.jpg	After refusing to attack an enemy position, a general accuses the soldiers of cowardice and their commanding officer must defend them.
tt0081505	The Shining	Drama, Horror	2h 26min	No	https://img.yts.lt/assets/images/movies/the_shining_1980/large-cover.jpg	A family heads to an isolated hotel for the winter where a sinister presence influences the father into violence, while his psychic son sees horrific forebodings from both past and future.
tt0910970	WALL·E	Animation, Adventure, Family, Sci-Fi	1h 38min	No	https://img.yts.lt/assets/images/movies/walle_2008/large-cover.jpg	In the distant future, a small waste-collecting robot inadvertently embarks on a space journey that will ultimately decide the fate of mankind.
tt0043014	Sunset Blvd.	Drama, Film-Noir	1h 50min	No	https://img.yts.lt/assets/images/movies/sunset_blvd_1950/large-cover.jpg	A screenwriter develops a dangerous relationship with a faded film star determined to make a triumphant return.
tt0057012	Dr. Strangelove or: How I Learned to Stop Worrying and Love the Bomb	Comedy	1h 35min	No	https://img.yts.lt/assets/images/movies/dr_strangelove_or_how_i_learned_to_stop_worrying_and_love_the_bomb_1964/large-cover.jpg	An insane general triggers a path to nuclear holocaust that a War Room full of politicians and generals frantically tries to stop.
tt0119698	Princess Mononoke	Animation, Adventure, Fantasy	2h 14min	No	https://img.yts.lt/assets/images/movies/princess_mononoke_1997/large-cover.jpg	On a journey to find the cure for a Tatarigami's curse, Ashitaka finds himself in the middle of a war between the forest gods and Tatara, a mining colony. In this quest he also meets San, the Mononoke Hime.
tt0364569	Oldboy	Action, Drama, Mystery, Thriller	2h	Yes	https://img.yts.lt/assets/images/movies/oldboy_2003/large-cover.jpg	After being kidnapped and imprisoned for fifteen years, Oh Dae-Su is released, only to find that he must find his captor in five days.
tt0051201	Witness for the Prosecution	Crime, Drama, Mystery, Thriller	1h 56min	No	https://img.yts.lt/assets/images/movies/witness_for_the_prosecution_1957/large-cover.jpg	A veteran British barrister must defend his client in a murder trial that has surprise after surprise.
tt1345836	The Dark Knight Rises	Action, Thriller	2h 44min	No	https://img.yts.lt/assets/images/movies/the_dark_knight_rises_2012/large-cover.jpg	Eight years after the Joker's reign of anarchy, Batman, with the help of the enigmatic Catwoman, is forced from his exile to save Gotham City, now on the edge of total annihilation, from the brutal guerrilla terrorist Bane.
tt0087843	Once Upon a Time in America	Crime, Drama	3h 49min	Yes	https://img.yts.lt/assets/images/movies/once_upon_a_time_in_america_1984/large-cover.jpg	A former Prohibition-era Jewish gangster returns to the Lower East Side of Manhattan over thirty years later, where he once again must confront the ghosts and regrets of his old life.
tt0090605	Aliens	Action, Adventure, Sci-Fi, Thriller	2h 17min	Yes	https://img.yts.lt/assets/images/movies/aliens_1986/large-cover.jpg	Ellen Ripley is rescued by a deep salvage team after being in hypersleep for 57 years. The moon that the Nostromo visited has been colonized, but contact is lost. This time, colonial marines have impressive firepower, but will that be enough?
tt0169547	American Beauty	Drama	2h 2min	Yes	https://img.yts.lt/assets/images/movies/american_beauty_1999/large-cover.jpg	A sexually frustrated suburban father has a mid-life crisis after becoming infatuated with his daughter's best friend.
tt2380307	Coco	Animation, Adventure, Comedy, Family, Fantasy, Music, Mystery	1h 45min	No	https://img.yts.lt/assets/images/movies/coco_2017/large-cover.jpg	Aspiring musician Miguel, confronted with his family's ancestral ban on music, enters the Land of the Dead to find his great-great-grandfather, a legendary singer.
tt5311514	Your Name.	Animation, Drama, Fantasy, Romance	1h 46min	No	https://img.yts.lt/assets/images/movies/your_name_2016/large-cover.jpg	Two strangers find themselves linked in a bizarre way. When a connection forms, will distance be the only thing to keep them apart?
tt0112573	Braveheart	Biography, Drama, History, War	2h 58min	Yes	https://img.yts.lt/assets/images/movies/braveheart_1995/large-cover.jpg	When his secret bride is executed for assaulting an English soldier who tried to rape her, William Wallace begins a revolt against King Edward I of England.
tt0082096	Das Boot	Adventure, Drama, Thriller, War	2h 29min	Yes	https://img.yts.lt/assets/images/movies/das_boot_1981/large-cover.jpg	The claustrophobic world of a WWII German U-boat; boredom, filth and sheer terror.
tt1187043	3 Idiots	Comedy, Drama	2h 50min	No	https://img.yts.lt/assets/images/movies/3_idiots_2009/large-cover.jpg	Two friends are searching for their long lost companion. They revisit their college days and recall the memories of their friend who inspired them to think differently, even as the rest of the world called them "idiots".
tt0086190	Star Wars: Episode VI - Return of the Jedi	Action, Adventure, Fantasy, Sci-Fi	2h 11min	No	https://img.yts.lt/assets/images/movies/star_wars_episode_vi_return_of_the_jedi_1983/large-cover.jpg	After a daring mission to rescue Han Solo from Jabba the Hutt, the Rebels dispatch to Endor to destroy the second Death Star. Meanwhile, Luke struggles to help Darth Vader back from the dark side without falling into the Emperor's trap.
tt0986264	Like Stars on Earth	Drama, Family	2h 45min	No	https://img.yts.lt/assets/images/movies/like_stars_on_earth_2007/large-cover.jpg	An eight-year-old boy is thought to be a lazy trouble-maker, until the new art teacher has the patience and compassion to discover the real problem behind his struggles in school.
tt0105236	Reservoir Dogs	Crime, Drama, Thriller	1h 39min	No	https://img.yts.lt/assets/images/movies/reservoir_dogs_1992/large-cover.jpg	When a simple jewelry heist goes horribly wrong, the surviving criminals begin to suspect that one of them is a police informant.
tt0114709	Toy Story	Animation, Adventure, Comedy, Family, Fantasy	1h 21min	No	https://img.yts.lt/assets/images/movies/toy_story_1995/large-cover.jpg	A cowboy doll is profoundly threatened and jealous when a new spaceman figure supplants him as top toy in a boy's room.
tt0086879	Amadeus	Biography, Drama, History, Music	2h 40min	Yes	https://img.yts.lt/assets/images/movies/amadeus_1984/large-cover.jpg	The life, success and troubles of Wolfgang Amadeus Mozart, as told by Antonio Salieri, the contemporaneous composer who was insanely jealous of Mozart's talent and claimed to have murdered him.
tt5074352	Dangal	Action, Biography, Drama, Sport	2h 41min	No	https://img.yts.lt/assets/images/movies/dangal_2016/large-cover.jpg	Former wrestler Mahavir Singh Phogat and his two wrestler daughters struggle towards glory at the Commonwealth Games in the face of societal oppression.
tt0022100	M	Crime, Mystery, Thriller	1h 57min	No	https://img.yts.lt/assets/images/movies/m_1931/large-cover.jpg	When the police in a German city are unable to catch a child-murderer, other criminals join in the manhunt.
tt0052357	Vertigo	Mystery, Romance, Thriller	2h 8min	No	https://img.yts.lt/assets/images/movies/vertigo_1958/large-cover.jpg	A former police detective juggles wrestling with his personal demons and becoming obsessed with a hauntingly beautiful woman.
tt0180093	Requiem for a Dream	Drama	1h 42min	No	https://img.yts.lt/assets/images/movies/requiem_for_a_dream_2000/large-cover.jpg	The drug-induced utopias of four Coney Island people are shattered when their addictions run deep.
tt0119217	Good Will Hunting	Drama, Romance	2h 6min	Yes	https://img.yts.lt/assets/images/movies/good_will_hunting_1997/large-cover.jpg	Will Hunting, a janitor at M.I.T., has a gift for mathematics, but needs help from a psychologist to find direction in his life.
tt0062622	2001: A Space Odyssey	Adventure, Sci-Fi	2h 29min	No	https://img.yts.lt/assets/images/movies/2001_a_space_odyssey_1968/large-cover.jpg	After discovering a mysterious artifact buried beneath the Lunar surface, mankind sets off on a quest to find its origins with help from intelligent supercomputer H.A.L. 9000.
tt0361748	Inglourious Basterds	Adventure, Drama, War	2h 33min	No	https://img.yts.lt/assets/images/movies/inglourious_basterds_2009/large-cover.jpg	In Nazi-occupied France during World War II, a plan to assassinate Nazi leaders by a group of Jewish U.S. soldiers coincides with a theatre owner's vengeful plans for the same.
tt0033467	Citizen Kane	Drama, Mystery	1h 59min	No	https://img.yts.lt/assets/images/movies/citizen_kane_1941/large-cover.jpg	Following the death of publishing tycoon, Charles Foster Kane, reporters scramble to uncover the meaning of his final utterance; 'Rosebud'.
tt0338013	Eternal Sunshine of the Spotless Mind	Drama, Romance, Sci-Fi	1h 48min	Yes	https://img.yts.lt/assets/images/movies/eternal_sunshine_of_the_spotless_mind_2004/large-cover.jpg	When their relationship turns sour, a couple undergoes a medical procedure to have each other erased from their memories.
tt0053125	North by Northwest	Adventure, Mystery, Thriller	2h 16min	No	https://img.yts.lt/assets/images/movies/north_by_northwest_1959/large-cover.jpg	A New York City advertising executive goes on the run after being mistaken for a government agent by a group of foreign spies.
tt0093058	Full Metal Jacket	Drama, War	1h 56min	No	https://img.yts.lt/assets/images/movies/full_metal_jacket_1987/large-cover.jpg	A pragmatic U.S. Marine observes the dehumanizing effects the Vietnam War has on his fellow recruits from their brutal boot camp training to the bloody street fighting in Hue.
tt2106476	The Hunt	Drama	1h 55min	Yes	https://img.yts.lt/assets/images/movies/the_hunt_2012/large-cover.jpg	A teacher lives a lonely life, all the while struggling over his son's custody. His life slowly gets better as he finds love and receives good news from his son, but his new luck is about to be brutally shattered by an innocent little lie.
tt0066921	A Clockwork Orange	Crime, Drama, Sci-Fi	2h 16min	No	https://img.yts.lt/assets/images/movies/a_clockwork_orange_1971/large-cover.jpg	In the future, a sadistic gang leader is imprisoned and volunteers for a conduct-aversion experiment, but it doesn't go as planned.
tt0208092	Snatch	Comedy, Crime	1h 44min	Yes	https://img.yts.lt/assets/images/movies/snatch_2000/large-cover.jpg	Unscrupulous boxing promoters, violent bookmakers, a Russian gangster, incompetent amateur robbers and supposedly Jewish jewelers fight to track down a priceless stolen diamond.
tt0211915	Amélie	Comedy, Romance	2h 2min	Yes	https://img.yts.lt/assets/images/movies/amélie_2001/large-cover.jpg	Amélie is an innocent and naive girl in Paris with her own sense of justice. She decides to help those around her and, along the way, discovers love.
tt0012349	The Kid	Comedy, Drama, Family	1h 8min	No	https://img.yts.lt/assets/images/movies/the_kid_1921/large-cover.jpg	The Tramp cares for an abandoned child, but events put that relationship in jeopardy.
tt0040522	Bicycle Thieves	Drama	1h 29min	No	https://img.yts.lt/assets/images/movies/bicycle_thieves_1948/large-cover.jpg	In post-war Italy, a working-class man's bicycle is stolen. He and his son set out to find it.
tt0056172	Lawrence of Arabia	Adventure, Biography, Drama, History, War	3h 36min	No	https://img.yts.lt/assets/images/movies/lawrence_of_arabia_1962/large-cover.jpg	The story of T.E. Lawrence, the English officer who successfully united and led the diverse, often warring, Arab tribes during World War I in order to fight the Turks.
tt0045152	Singin' in the Rain	Comedy, Musical, Romance	1h 43min	No	https://img.yts.lt/assets/images/movies/singin_in_the_rain_1952/large-cover.jpg	A silent film production company and cast make a difficult transition to sound.
tt0086250	Scarface	Crime, Drama	2h 50min	No	https://img.yts.lt/assets/images/movies/scarface_1983/large-cover.jpg	In Miami in 1980, a determined Cuban immigrant takes over a drug cartel and succumbs to greed.
tt0435761	Toy Story 3	Animation, Adventure, Comedy, Family, Fantasy	1h 43min	No	https://img.yts.lt/assets/images/movies/toy_story_3_2010/large-cover.jpg	The toys are mistakenly delivered to a day-care center instead of the attic right before Andy leaves for college, and it's up to Woody to convince the other toys that they weren't abandoned and to return home.
tt0075314	Taxi Driver	Crime, Drama	1h 54min	No	https://img.yts.lt/assets/images/movies/taxi_driver_1976/large-cover.jpg	A mentally unstable veteran works as a nighttime taxi driver in New York City, where the perceived decadence and sleaze fuels his urge for violent action by attempting to liberate a presidential campaign worker and an underage prostitute.
tt0070735	The Sting	Comedy, Crime, Drama	2h 9min	No	https://img.yts.lt/assets/images/movies/the_sting_1973/large-cover.jpg	Two grifters team up to pull off the ultimate con.
tt0059578	For a Few Dollars More	Western	2h 12min	Yes	https://img.yts.lt/assets/images/movies/for_a_few_dollars_more_1965/large-cover.jpg	Two bounty hunters with the same intentions team up to track down a Western outlaw.
tt0017136	Metropolis	Drama, Sci-Fi	2h 33min	No	https://img.yts.lt/assets/images/movies/metropolis_1927/large-cover.jpg	In a futuristic city sharply divided between the working class and the city planners, the son of the city's mastermind falls in love with a working class prophet who predicts the coming of a savior to mediate their differences.
tt0036775	Double Indemnity	Crime, Drama, Film-Noir, Mystery, Thriller	1h 47min	No	https://img.yts.lt/assets/images/movies/double_indemnity_1944/large-cover.jpg	An insurance representative lets himself be talked into a murder/insurance fraud scheme that arouses the suspicion of an insurance investigator.
tt0056592	To Kill a Mockingbird	Crime, Drama	2h 9min	No	https://img.yts.lt/assets/images/movies/to_kill_a_mockingbird_1962/large-cover.jpg	Atticus Finch, a lawyer in the Depression-era South, defends a black man against an undeserved rape charge, and his children against prejudice.
tt1832382	A Separation	Drama, Thriller	2h 3min	No	https://img.yts.lt/assets/images/movies/a_separation_2011/large-cover.jpg	A married couple are faced with a difficult decision - to improve the life of their child by moving to another country or to stay in Iran and look after a deteriorating parent who has Alzheimer's disease.
tt0044741	Ikiru	Drama	2h 23min	No	https://img.yts.lt/assets/images/movies/ikiru_1952/large-cover.jpg	A bureaucrat tries to find a meaning in his life after he discovers he has terminal cancer.
tt0097576	Indiana Jones and the Last Crusade	Action, Adventure	2h 7min	No	https://img.yts.lt/assets/images/movies/indiana_jones_and_the_last_crusade_1989/large-cover.jpg	In 1938, after his father Professor Henry Jones, Sr. goes missing while pursuing the Holy Grail, Professor Henry "Indiana" Jones, Jr. finds himself up against Adolf Hitler's Nazis again to stop them from obtaining its powers.
tt0053604	The Apartment	Comedy, Drama, Romance	2h 5min	No	https://img.yts.lt/assets/images/movies/the_apartment_1960/large-cover.jpg	A man tries to rise in his company by letting its executives use his apartment for trysts, but complications and a romance of his own ensue.
tt0119488	L.A. Confidential	Crime, Drama, Mystery, Thriller	2h 18min	No	https://img.yts.lt/assets/images/movies/la_confidential_1997/large-cover.jpg	As corruption grows in 1950s Los Angeles, three policemen -- one strait-laced, one brutal, and one sleazy -- investigate a series of murders with their own brand of justice.
tt0071853	Monty Python and the Holy Grail	Adventure, Comedy, Fantasy	1h 31min	No	https://img.yts.lt/assets/images/movies/monty_python_and_the_holy_grail_1975/large-cover.jpg	King Arthur and his Knights of the Round Table embark on a surreal, low-budget search for the Holy Grail, encountering many, very silly obstacles.
tt1049413	Up	Animation, Adventure, Comedy, Family	1h 36min	No	https://img.yts.lt/assets/images/movies/up_2009/large-cover.jpg	Seventy-eight year old Carl Fredricksen travels to Paradise Falls in his home equipped with balloons, inadvertently taking a young stowaway.
tt1255953	Incendies	Drama, Mystery, War	2h 11min	Yes	https://img.yts.lt/assets/images/movies/incendies_2010/large-cover.jpg	Twins journey to the Middle East to discover their family history and fulfill their mother's last wishes.
tt0113277	Heat	Crime, Drama, Thriller	2h 50min	Yes	https://img.yts.lt/assets/images/movies/heat_1995/large-cover.jpg	A group of professional bank robbers start to feel the heat from police when they unknowingly leave a clue at their latest heist.
tt0042876	Rashomon	Crime, Drama, Mystery	1h 28min	No	https://img.yts.lt/assets/images/movies/rashomon_1950/large-cover.jpg	The rape of a bride and the murder of her samurai husband are recalled from the perspectives of a bandit, the bride, the samurai's ghost and a woodcutter.
tt0055630	Yojimbo	Action, Comedy, Crime, Drama, Thriller	1h 50min	No	https://img.yts.lt/assets/images/movies/yojimbo_1961/large-cover.jpg	A crafty ronin comes to a town divided by two criminal gangs and decides to play them against each other to free the town.
tt0372784	Batman Begins	Action, Adventure	2h 20min	No	https://img.yts.lt/assets/images/movies/batman_begins_2005/large-cover.jpg	After training with his mentor, Batman begins his fight to free crime-ridden Gotham City from corruption.
tt0095016	Die Hard	Action, Thriller	2h 12min	No	https://img.yts.lt/assets/images/movies/die_hard_1988/large-cover.jpg	An NYPD officer tries to save his wife and several others taken hostage by German terrorists during a Christmas party at the Nakatomi Plaza in Los Angeles.
tt6966692	Green Book	Biography, Comedy, Drama, Music	2h 10min	No	https://img.yts.lt/assets/images/movies/green_book_2018/large-cover.jpg	A working-class Italian-American bouncer becomes the driver of an African-American classical pianist on a tour of venues through the 1960s American South.
tt0105695	Unforgiven	Drama, Western	2h 10min	Yes	https://img.yts.lt/assets/images/movies/unforgiven_1992/large-cover.jpg	Retired Old West gunslinger William Munny reluctantly takes on one last job, with the help of his old partner and a young man.
tt0363163	Downfall	Biography, Drama, History, War	2h 36min	No	https://img.yts.lt/assets/images/movies/downfall_2004/large-cover.jpg	Traudl Junge, the final secretary for Adolf Hitler, tells of the Nazi dictator's final days in his Berlin bunker at the end of WWII.
tt0118849	Children of Heaven	Drama, Family	1h 29min	No	https://img.yts.lt/assets/images/movies/children_of_heaven_1997/large-cover.jpg	After a boy loses his sister's pair of shoes, he goes on a series of adventures in order to find them. When he can't, he tries a new way to "win" a new pair.
tt0053291	Some Like It Hot	Comedy, Music, Romance	2h 1min	No	https://img.yts.lt/assets/images/movies/some_like_it_hot_1959/large-cover.jpg	When two male musicians witness a mob hit, they flee the state in an all-female band disguised as women, but further complications set in.
tt0347149	Howl's Moving Castle	Animation, Adventure, Family, Fantasy	1h 59min	No	https://img.yts.lt/assets/images/movies/howls_moving_castle_2004/large-cover.jpg	When an unconfident young woman is cursed with an old body by a spiteful witch, her only chance of breaking the spell lies with a self-indulgent yet insecure young wizard and his companions in his legged, walking castle.
tt0057115	The Great Escape	Adventure, Drama, History, Thriller, War	2h 52min	No	https://img.yts.lt/assets/images/movies/the_great_escape_1963/large-cover.jpg	Allied prisoners of war plan for several hundred of their number to escape from a German camp during World War II.
tt0096283	My Neighbor Totoro	Animation, Family, Fantasy	1h 26min	No	https://img.yts.lt/assets/images/movies/my_neighbor_totoro_1988/large-cover.jpg	When two girls move to the country to be near their ailing mother, they have adventures with the wondrous forest spirits who live nearby.
tt0042192	All About Eve	Drama	2h 18min	No	https://img.yts.lt/assets/images/movies/all_about_eve_1950/large-cover.jpg	An ingénue insinuates herself into the lives of an established but aging stage actress and her circle of theater friends.
tt0089881	Ran	Action, Drama	2h 42min	No	https://img.yts.lt/assets/images/movies/ran_1985/large-cover.jpg	In Medieval Japan, an elderly warlord retires, handing over his empire to his three sons. However, he vastly underestimates how the new-found power will corrupt them and cause them to turn on each other...and him.
tt0268978	A Beautiful Mind	Biography, Drama	2h 15min	No	https://img.yts.lt/assets/images/movies/a_beautiful_mind_2001/large-cover.jpg	After John Nash, a brilliant but asocial mathematician, accepts secret work in cryptography, his life takes a turn for the nightmarish.
tt0457430	Pan's Labyrinth	Drama, Fantasy, War	1h 58min	Yes	https://img.yts.lt/assets/images/movies/pans_labyrinth_2006/large-cover.jpg	In the Falangist Spain of 1944, the bookish young stepdaughter of a sadistic army officer escapes into an eerie but captivating fantasy world.
tt0081398	Raging Bull	Biography, Drama, Sport	2h 9min	No	https://img.yts.lt/assets/images/movies/raging_bull_1980/large-cover.jpg	The life of boxer Jake LaMotta, whose violence and temper that lead him to the top in the ring destroyed his life outside of it.
tt1305806	The Secret in Their Eyes	Drama, Mystery, Romance, Thriller	2h 9min	Yes	https://img.yts.lt/assets/images/movies/the_secret_in_their_eyes_2009/large-cover.jpg	A retired legal counselor writes a novel hoping to find closure for one of his past unresolved homicide cases and for his unreciprocated love with his superior - both of which still haunt him decades later.
tt0112641	Casino	Crime, Drama	2h 58min	Yes	https://img.yts.lt/assets/images/movies/casino_1995/large-cover.jpg	A tale of greed, deception, money, power, and murder occur between two best friends: a mafia enforcer and a casino executive, compete against each other over a gambling empire, and over a fast living and fast loving socialite.
tt0120735	Lock, Stock and Two Smoking Barrels	Comedy, Crime	1h 47min	Yes	https://img.yts.lt/assets/images/movies/lock_stock_and_two_smoking_barrels_1998/large-cover.jpg	A botched card game in London triggers four friends, thugs, weed-growers, hard gangsters, loan sharks and debt collectors to collide with each other in a series of unexpected events, all for the sake of weed, cash and two antique shotguns.
tt0476735	My Father and My Son	Drama, Family	1h 48min	No	https://img.yts.lt/assets/images/movies/my_father_and_my_son_2005/large-cover.jpg	The family of a left-wing journalist is torn apart after a military coup in 1980's Turkey.
tt0091251	Come and See	Drama, War	2h 22min	No	https://img.yts.lt/assets/images/movies/come_and_see_1985/large-cover.jpg	After finding an old rifle, a young boy joins the Soviet resistance movement against ruthless German forces and experiences the horrors of World War II.
tt0040897	The Treasure of the Sierra Madre	Adventure, Drama, Western	2h 6min	No	https://img.yts.lt/assets/images/movies/the_treasure_of_the_sierra_madre_1948/large-cover.jpg	Fred Dobbs and Bob Curtin, two Americans searching for work in Mexico, convince an old prospector to help them mine for gold in the Sierra Madre Mountains.
tt0055031	Judgment at Nuremberg	Drama, War	3h 6min	No	https://img.yts.lt/assets/images/movies/judgment_at_nuremberg_1961/large-cover.jpg	In 1948, an American court in occupied Germany tries four Nazis judged for war crimes.
tt0993846	The Wolf of Wall Street	Biography, Crime, Drama	3h	No	https://img.yts.lt/assets/images/movies/the_wolf_of_wall_street_2013/large-cover.jpg	Based on the true story of Jordan Belfort, from his rise to a wealthy stock-broker living the high life to his fall involving crime, corruption and the federal government.
tt5027774	Three Billboards Outside Ebbing, Missouri	Crime, Drama	1h 55min	No	https://img.yts.lt/assets/images/movies/three_billboards_outside_ebbing_missouri_2017/large-cover.jpg	A mother personally challenges the local authorities to solve her daughter's murder when they fail to catch the culprit.
tt0071315	Chinatown	Drama, Mystery, Thriller	2h 10min	No	https://img.yts.lt/assets/images/movies/chinatown_1974/large-cover.jpg	A private detective hired to expose an adulterer finds himself caught up in a web of deceit, corruption, and murder.
tt0015864	The Gold Rush	Adventure, Comedy, Drama, Family	1h 35min	No	https://img.yts.lt/assets/images/movies/the_gold_rush_1925/large-cover.jpg	A prospector goes to the Klondike in search of gold and finds it and more.
tt2096673	Inside Out	Animation, Adventure, Comedy, Drama, Family, Fantasy	1h 35min	No	https://img.yts.lt/assets/images/movies/inside_out_2015/large-cover.jpg	After young Riley is uprooted from her Midwest life and moved to San Francisco, her emotions - Joy, Fear, Anger, Disgust and Sadness - conflict on how best to navigate a new city, house, and school.
tt0046912	Dial M for Murder	Crime, Thriller	1h 45min	No	https://img.yts.lt/assets/images/movies/dial_m_for_murder_1954/large-cover.jpg	A tennis player frames his unfaithful wife for first-degree murder after she inadvertently hinders his plan to kill her.
tt0434409	V for Vendetta	Action, Drama, Sci-Fi, Thriller	2h 12min	No	https://img.yts.lt/assets/images/movies/v_for_vendetta_2005/large-cover.jpg	In a future British tyranny, a shadowy freedom fighter, known only by the alias of "V", plots to overthrow it with the help of a young woman.
tt0050976	The Seventh Seal	Drama, Fantasy	1h 36min	No	https://img.yts.lt/assets/images/movies/the_seventh_seal_1957/large-cover.jpg	A man seeks answers about life, death, and the existence of God as he plays chess against the Grim Reaper during the Black Plague.
tt1291584	Warrior	Drama, Sport	2h 20min	No	https://img.yts.lt/assets/images/movies/warrior_2011/large-cover.jpg	The youngest son of an alcoholic former boxer returns home, where he's trained by his father for competition in a mixed martial arts tournament - a path that puts the fighter on a collision course with his estranged, older brother.
tt0469494	There Will Be Blood	Drama	2h 38min	No	https://img.yts.lt/assets/images/movies/there_will_be_blood_2007/large-cover.jpg	A story of family, religion, hatred, oil and madness, focusing on a turn-of-the-century prospector in the early days of the business.
tt3170832	Room	Drama, Thriller	1h 58min	No	https://img.yts.lt/assets/images/movies/room_2015/large-cover.jpg	Held captive for 7 years in an enclosed space, a woman and her young son finally gain their freedom, allowing the boy to experience the outside world for the first time.
tt0117951	Trainspotting	Drama	1h 33min	No	https://img.yts.lt/assets/images/movies/trainspotting_1996/large-cover.jpg	Renton, deeply immersed in the Edinburgh drug scene, tries to clean up and get out, despite the allure of the drugs and influence of friends.
tt8108198	Andhadhun	Crime, Thriller	2h 19min	No	https://img.yts.lt/assets/images/movies/andhadhun_2018/large-cover.jpg	A series of mysterious events change the life of a blind pianist who now must report a crime that was actually never witnessed by him.
tt0477348	No Country for Old Men	Crime, Drama, Thriller	2h 2min	No	https://img.yts.lt/assets/images/movies/no_country_for_old_men_2007/large-cover.jpg	Violence and mayhem ensue after a hunter stumbles upon a drug deal gone wrong and more than two million dollars in cash near the Rio Grande.
tt0080678	The Elephant Man	Biography, Drama	2h 4min	No	https://img.yts.lt/assets/images/movies/the_elephant_man_1980/large-cover.jpg	A Victorian surgeon rescues a heavily disfigured man who is mistreated while scraping a living as a side-show freak. Behind his monstrous façade, there is revealed a person of kindness, intelligence and sophistication.
tt7131622	Once Upon a Time... in Hollywood	Comedy, Drama	2h 41min	No	https://img.yts.lt/assets/images/movies/once_upon_a_time_in_hollywood_2019/large-cover.jpg	A faded television actor and his stunt double strive to achieve fame and success in the film industry during the final years of Hollywood's Golden Age in 1969 Los Angeles.
tt0167404	The Sixth Sense	Drama, Mystery, Thriller	1h 47min	No	https://img.yts.lt/assets/images/movies/the_sixth_sense_1999/large-cover.jpg	A boy who communicates with spirits seeks the help of a disheartened child psychologist.
tt0041959	The Third Man	Film-Noir, Mystery, Thriller	1h 44min	No	https://img.yts.lt/assets/images/movies/the_third_man_1949/large-cover.jpg	Pulp novelist Holly Martins travels to shadowy, postwar Vienna, only to find himself investigating the mysterious death of an old friend, Harry Lime.
tt0050212	The Bridge on the River Kwai	Adventure, Drama, War	2h 41min	No	https://img.yts.lt/assets/images/movies/the_bridge_on_the_river_kwai_1957/large-cover.jpg	After settling his differences with a Japanese P.O.W. camp commander, a British colonel co-operates to oversee his men's construction of a railway bridge for their captors, while oblivious to a plan by the Allies to destroy it.
tt0084787	The Thing	Horror, Mystery, Sci-Fi	1h 49min	No	https://img.yts.lt/assets/images/movies/the_thing_1982/large-cover.jpg	A research team in Antarctica is hunted by a shape-shifting alien that assumes the appearance of its victims.
tt1130884	Shutter Island	Mystery, Thriller	2h 18min	Yes	https://img.yts.lt/assets/images/movies/shutter_island_2010/large-cover.jpg	In 1954, a U.S. Marshal investigates the disappearance of a murderer, who escaped from a hospital for the criminally insane.
tt0047296	On the Waterfront	Crime, Drama, Thriller	1h 48min	No	https://img.yts.lt/assets/images/movies/on_the_waterfront_1954/large-cover.jpg	An ex-prize fighter turned longshoreman struggles to stand up to his corrupt union bosses.
tt0031381	Gone with the Wind	Drama, History, Romance, War	3h 58min	No	https://img.yts.lt/assets/images/movies/gone_with_the_wind_1939/large-cover.jpg	A manipulative woman and a roguish man conduct a turbulent romance during the American Civil War and Reconstruction periods.
tt0116231	The Bandit	Crime, Drama, Thriller	2h 8min	No	https://img.yts.lt/assets/images/movies/the_bandit_1996/large-cover.jpg	Baran the Bandit, released from prison after 35 years searches for vengeance and his lover.
tt0083658	Blade Runner	Action, Sci-Fi, Thriller	1h 57min	No	https://img.yts.lt/assets/images/movies/blade_runner_1982/large-cover.jpg	A blade runner must pursue and terminate four replicants who stole a ship in space, and have returned to Earth to find their creator.
tt0050986	Wild Strawberries	Drama, Romance	1h 31min	No	https://img.yts.lt/assets/images/movies/wild_strawberries_1957/large-cover.jpg	After living a life marked by coldness, an aging professor is forced to confront the emptiness of his existence.
tt0266543	Finding Nemo	Animation, Adventure, Comedy, Family	1h 40min	No	https://img.yts.lt/assets/images/movies/finding_nemo_2003/large-cover.jpg	After his son is captured in the Great Barrier Reef and taken to Sydney, a timid clownfish sets out on a journey to bring him home.
tt0107290	Jurassic Park	Action, Adventure, Sci-Fi, Thriller	2h 7min	No	https://img.yts.lt/assets/images/movies/jurassic_park_1993/large-cover.jpg	During a preview tour, a theme park suffers a major power breakdown that allows its cloned dinosaur exhibits to run amok.
tt1205489	Gran Torino	Drama	1h 56min	Yes	https://img.yts.lt/assets/images/movies/gran_torino_2008/large-cover.jpg	Disgruntled Korean War veteran Walt Kowalski sets out to reform his neighbor, a Hmong teenager who tried to steal Kowalski's prized possession: a 1972 Gran Torino.
tt0116282	Fargo	Crime, Drama, Thriller	1h 38min	Yes	https://img.yts.lt/assets/images/movies/fargo_1996/large-cover.jpg	Jerry Lundegaard's inept crime falls apart due to his and his henchmen's bungling and the persistent police work of the quite pregnant Marge Gunderson.
tt0266697	Kill Bill: Vol. 1	Action, Crime, Thriller	1h 51min	No	https://img.yts.lt/assets/images/movies/kill_bill_vol_1_2003/large-cover.jpg	After awakening from a four-year coma, a former assassin wreaks vengeance on the team of assassins who betrayed her.
tt0077416	The Deer Hunter	Drama, War	3h 3min	No	https://img.yts.lt/assets/images/movies/the_deer_hunter_1978/large-cover.jpg	An in-depth examination of the ways in which the U.S. Vietnam War impacts and disrupts the lives of people in a small industrial town in Pennsylvania.
tt0118715	The Big Lebowski	Comedy, Crime	1h 57min	Yes	https://img.yts.lt/assets/images/movies/the_big_lebowski_1998/large-cover.jpg	Jeff "The Dude" Lebowski, mistaken for a millionaire of the same name, seeks restitution for his ruined rug and enlists his bowling buddies to help get it.
tt0046438	Tokyo Story	Drama	2h 16min	No	https://img.yts.lt/assets/images/movies/tokyo_story_1953/large-cover.jpg	An old couple visit their children and grandchildren in the city; but the children have little time for them.
tt0079944	Stalker	Drama, Sci-Fi	2h 42min	No	https://img.yts.lt/assets/images/movies/stalker_1979/large-cover.jpg	A guide leads two men through an area known as the Zone to find a room that grants wishes.
tt0120382	The Truman Show	Comedy, Drama, Sci-Fi	1h 43min	No	https://img.yts.lt/assets/images/movies/the_truman_show_1998/large-cover.jpg	An insurance salesman discovers his whole life is actually a reality TV show.
tt0978762	Mary and Max	Animation, Comedy, Drama	1h 32min	No	https://img.yts.lt/assets/images/movies/mary_and_max_2009/large-cover.jpg	A tale of friendship between two unlikely pen pals: Mary, a lonely, eight-year-old girl living in the suburbs of Melbourne, and Max, a forty-four-year old, severely obese man living in New York.
tt3011894	Wild Tales	Comedy, Drama, Thriller	2h 2min	Yes	https://img.yts.lt/assets/images/movies/wild_tales_2014/large-cover.jpg	Six short stories that explore the extremities of human behavior involving people in distress.
tt2119532	Hacksaw Ridge	Biography, Drama, History, War	2h 19min	No	https://img.yts.lt/assets/images/movies/hacksaw_ridge_2016/large-cover.jpg	World War II American Army Medic Desmond T. Doss, who served during the Battle of Okinawa, refuses to kill people, and becomes the first man in American history to receive the Medal of Honor without firing a shot.
tt2267998	Gone Girl	Drama, Mystery, Thriller	2h 29min	No	https://img.yts.lt/assets/images/movies/gone_girl_2014/large-cover.jpg	With his wife's disappearance having become the focus of an intense media circus, a man sees the spotlight turned on him when it's suspected that he may not be innocent.
tt0017925	The General	Action, Adventure, Comedy, Drama, War, Western	1h 7min	No	https://img.yts.lt/assets/images/movies/the_general_1926/large-cover.jpg	When Union spies steal an engineer's beloved locomotive, he pursues it single-handedly and straight through enemy lines.
tt0031679	Mr. Smith Goes to Washington	Comedy, Drama	2h 9min	No	https://img.yts.lt/assets/images/movies/mr_smith_goes_to_washington_1939/large-cover.jpg	A naive man is appointed to fill a vacancy in the United States Senate. His plans promptly collide with political corruption, but he doesn't back down.
tt0107207	In the Name of the Father	Biography, Drama	2h 13min	No	https://img.yts.lt/assets/images/movies/in_the_name_of_the_father_1993/large-cover.jpg	A man's coerced confession to an IRA bombing he did not commit results in the imprisonment of his father as well. An English lawyer fights to free them.
tt0015324	Sherlock Jr.	Action, Comedy, Romance	45min	No	https://img.yts.lt/assets/images/movies/sherlock_jr_1924/large-cover.jpg	A film projectionist longs to be a detective, and puts his meagre skills to work when he is framed by a rival for stealing his girlfriend's father's pocketwatch.
tt0892769	How to Train Your Dragon	Animation, Action, Adventure, Family, Fantasy	1h 38min	No	https://img.yts.lt/assets/images/movies/how_to_train_your_dragon_2010/large-cover.jpg	A hapless young Viking who aspires to hunt dragons becomes the unlikely friend of a young dragon himself, and learns there may be more to the creatures than he assumed.
tt1979376	Toy Story 4	Animation, Adventure, Comedy, Family, Fantasy	1h 40min	No	https://img.yts.lt/assets/images/movies/toy_story_4_2019/large-cover.jpg	When a new toy called "Forky" joins Woody and the gang, a road trip alongside old and new friends reveals how big the world can be for a toy.
tt2278388	The Grand Budapest Hotel	Adventure, Comedy, Crime, Drama	1h 39min	No	https://img.yts.lt/assets/images/movies/the_grand_budapest_hotel_2014/large-cover.jpg	The adventures of Gustave H, a legendary concierge at a famous hotel from the fictional Republic of Zubrowka between the first and second World Wars, and Zero Moustafa, the lobby boy who becomes his most trusted friend.
tt0060827	Persona	Drama, Thriller	1h 25min	No	https://img.yts.lt/assets/images/movies/persona_1966/large-cover.jpg	A nurse is put in charge of a mute actress and finds that their personae are melding together.
tt0353969	Memories of Murder	Action, Crime, Drama, Mystery, Thriller	2h 11min	No	https://img.yts.lt/assets/images/movies/memories_of_murder_2003/large-cover.jpg	In a small Korean province in 1986, three detectives struggle with the case of multiple young women being found raped and murdered by an unknown culprit.
tt0112471	Before Sunrise	Drama, Romance	1h 41min	Yes	https://img.yts.lt/assets/images/movies/before_sunrise_1995/large-cover.jpg	A young man and woman meet on a train in Europe, and wind up spending one evening together in Vienna. Unfortunately, both know that this will probably be their only night together.
tt0758758	Into the Wild	Adventure, Biography, Drama	2h 28min	No	https://img.yts.lt/assets/images/movies/into_the_wild_2007/large-cover.jpg	After graduating from Emory University, top student and athlete Christopher McCandless abandons his possessions, gives his entire $24,000 savings account to charity and hitchhikes to Alaska to live in the wilderness. Along the way, Christopher encounters a series of characters that shape his life.
tt0264464	Catch Me If You Can	Biography, Crime, Drama	2h 21min	No	https://img.yts.lt/assets/images/movies/catch_me_if_you_can_2002/large-cover.jpg	A seasoned FBI agent pursues Frank Abagnale Jr. who, before his 19th birthday, successfully forged millions of dollars' worth of checks while posing as a Pan Am pilot, a doctor, and a legal prosecutor.
tt0061512	Cool Hand Luke	Crime, Drama	2h 7min	No	https://img.yts.lt/assets/images/movies/cool_hand_luke_1967/large-cover.jpg	A laid back Southern man is sentenced to two years in a rural prison, but refuses to conform.
tt0046268	The Wages of Fear	Adventure, Drama, Thriller	2h 11min	No	https://img.yts.lt/assets/images/movies/the_wages_of_fear_1953/large-cover.jpg	In a decrepit South American village, four men are hired to transport an urgent nitroglycerine shipment without the equipment that would make it safe.
tt0060107	Andrei Rublev	Biography, Drama, History	3h 25min	No	https://img.yts.lt/assets/images/movies/andrei_rublev_1966/large-cover.jpg	The life, times and afflictions of the fifteenth-century Russian iconographer St. Andrei Rublev.
tt2024544	12 Years a Slave	Biography, Drama, History	2h 14min	Yes	https://img.yts.lt/assets/images/movies/12_years_a_slave_2013/large-cover.jpg	In the antebellum United States, Solomon Northup, a free black man from upstate New York, is abducted and sold into slavery.
tt0074958	Network	Drama	2h 1min	No	https://img.yts.lt/assets/images/movies/network_1976/large-cover.jpg	A television network cynically exploits a deranged former anchor's ravings and revelations about the news media for its own profit.
tt0079470	Monty Python's Life of Brian	Comedy	1h 34min	No	https://img.yts.lt/assets/images/movies/monty_pythons_life_of_brian_1979/large-cover.jpg	Born on the original Christmas in the stable next door to Jesus, Brian of Nazareth spends his life being mistaken for a messiah.
tt0405508	Rang De Basanti	Comedy, Drama	2h 47min	No	https://img.yts.lt/assets/images/movies/rang_de_basanti_2006/large-cover.jpg	The story of six young Indians who assist an English woman to film a documentary on the freedom fighters from their past, and the events that lead them to relive the long-forgotten saga of freedom.
tt0019254	The Passion of Joan of Arc	Biography, Drama, History	1h 50min	No	https://img.yts.lt/assets/images/movies/the_passion_of_joan_of_arc_1928/large-cover.jpg	In 1431, Jeanne d'Arc is placed on trial on charges of heresy. The ecclesiastical jurists attempt to force Jeanne to recant her claims of holy visions.
tt1392214	Prisoners	Crime, Drama, Mystery, Thriller	2h 33min	Yes	https://img.yts.lt/assets/images/movies/prisoners_2013/large-cover.jpg	When Keller Dover's daughter and her friend go missing, he takes matters into his own hands as the police pursue multiple leads and the pressure mounts.
tt0092005	Stand by Me	Adventure, Drama	1h 29min	No	https://img.yts.lt/assets/images/movies/stand_by_me_1986/large-cover.jpg	After the death of one of his friends, a writer recounts a boyhood journey with his friends to find the body of a missing boy.
tt0091763	Platoon	Drama, War	2h	No	https://img.yts.lt/assets/images/movies/platoon_1986/large-cover.jpg	A young soldier in Vietnam faces a moral crisis when confronted with the horrors of war and the duality of man.
tt1392190	Mad Max: Fury Road	Action, Adventure, Sci-Fi, Thriller	2h	No	https://img.yts.lt/assets/images/movies/mad_max_fury_road_2015/large-cover.jpg	In a post-apocalyptic wasteland, a woman rebels against a tyrannical ruler in search for her homeland with the aid of a group of female prisoners, a psychotic worshiper, and a drifter named Max.
tt1979320	Rush	Action, Biography, Drama, Sport	2h 3min	Yes	https://img.yts.lt/assets/images/movies/rush_2013/large-cover.jpg	The merciless 1970s rivalry between Formula One rivals James Hunt and Niki Lauda.
tt0405159	Million Dollar Baby	Drama, Sport	2h 12min	No	https://img.yts.lt/assets/images/movies/million_dollar_baby_2004/large-cover.jpg	A determined woman works with a hardened boxing trainer to become a professional.
tt1028532	Hachi: A Dog's Tale	Drama, Family	1h 33min	No	https://img.yts.lt/assets/images/movies/hachi_a_dogs_tale_2009/large-cover.jpg	A college professor bonds with an abandoned dog he takes into his home.
tt0052618	Ben-Hur	Adventure, Drama, History	3h 32min	No	https://img.yts.lt/assets/images/movies/benhur_1959/large-cover.jpg	When a Jewish prince is betrayed and sent into slavery by a Roman friend, he regains his freedom and comes back for revenge.
tt3315342	Logan	Action, Drama, Sci-Fi, Thriller	2h 17min	No	https://img.yts.lt/assets/images/movies/logan_2017/large-cover.jpg	In a future where mutants are nearly extinct, an elderly and weary Logan leads a quiet life. But when Laura, a mutant child pursued by scientists, comes to him for help, he must get her to safety.
tt0395169	Hotel Rwanda	Biography, Drama, History, War	2h 1min	No	https://img.yts.lt/assets/images/movies/hotel_rwanda_2004/large-cover.jpg	Paul Rusesabagina was a hotel manager who housed over a thousand Tutsi refugees during their struggle against the Hutu militia in Rwanda.
tt0245712	Amores Perros	Drama, Thriller	2h 34min	Yes	https://img.yts.lt/assets/images/movies/amores_perros_2000/large-cover.jpg	A horrific car accident connects three stories, each involving characters dealing with loss, regret, and life's harsh realities, all in the name of love.
tt0072684	Barry Lyndon	Adventure, Drama, History, War	3h 5min	No	https://img.yts.lt/assets/images/movies/barry_lyndon_1975/large-cover.jpg	An Irish rogue wins the heart of a rich widow and assumes her dead husband's aristocratic position in 18th-century England.
tt0087544	Nausicaä of the Valley of the Wind	Animation, Adventure, Fantasy, Sci-Fi	1h 57min	No	https://img.yts.lt/assets/images/movies/nausicaä_of_the_valley_of_the_wind_1984/large-cover.jpg	Warrior and pacifist Princess Nausicaä desperately struggles to prevent two warring nations from destroying themselves and their dying planet.
tt0053198	The 400 Blows	Crime, Drama	1h 39min	No	https://img.yts.lt/assets/images/movies/the_400_blows_1959/large-cover.jpg	A young boy, left without attention, delves into a life of petty crime.
tt1895587	Spotlight	Biography, Crime, Drama	2h 9min	No	https://img.yts.lt/assets/images/movies/spotlight_2015/large-cover.jpg	The true story of how the Boston Globe uncovered the massive scandal of child molestation and cover-up within the local Catholic Archdiocese, shaking the entire Catholic Church to its core.
tt1201607	Harry Potter and the Deathly Hallows: Part 2	Adventure, Drama, Fantasy, Mystery	2h 10min	No	https://img.yts.lt/assets/images/movies/harry_potter_and_the_deathly_hallows_part_2_2011/large-cover.jpg	Harry, Ron, and Hermione search for Voldemort's remaining Horcruxes in their effort to destroy the Dark Lord as the final battle rages on at Hogwarts.
tt0097165	Dead Poets Society	Comedy, Drama	2h 8min	No	https://img.yts.lt/assets/images/movies/dead_poets_society_1989/large-cover.jpg	English teacher John Keating inspires his students to look at poetry with a different perspective of authentic knowledge and feelings.
tt0032976	Rebecca	Drama, Mystery, Romance, Thriller	2h 10min	No	https://img.yts.lt/assets/images/movies/rebecca_1940/large-cover.jpg	A self-conscious woman juggles adjusting to her new role as an aristocrat's wife and avoiding being intimidated by his first wife's spectral presence.
tt0075148	Rocky	Drama, Sport	2h	No	https://img.yts.lt/assets/images/movies/rocky_1976/large-cover.jpg	A small-time boxer gets a supremely rare chance to fight a heavy-weight champion in a bout in which he strives to go the distance for his self-respect.
tt1954470	Gangs of Wasseypur	Action, Comedy, Crime, Drama, Thriller	5h 21min	No	https://img.yts.lt/assets/images/movies/gangs_of_wasseypur_2012/large-cover.jpg	A clash between Sultan and Shahid Khan leads to the expulsion of Khan from Wasseypur, and ignites a deadly blood feud spanning three generations.
tt0025316	It Happened One Night	Comedy, Romance	1h 45min	No	https://img.yts.lt/assets/images/movies/it_happened_one_night_1934/large-cover.jpg	A spoiled heiress running away from her family is helped by a man who is actually a reporter in need of a story.
tt0198781	Monsters, Inc.	Animation, Adventure, Comedy, Family, Fantasy	1h 32min	No	https://img.yts.lt/assets/images/movies/monsters_inc_2001/large-cover.jpg	In order to power the city, monsters have to scare children so that they scream. However, the children are toxic to the monsters, and after a child gets through, 2 monsters realize things may not be what they think.
tt0169102	Lagaan: Once Upon a Time in India	Adventure, Drama, Musical, Sport	3h 44min	No	https://img.yts.lt/assets/images/movies/lagaan_once_upon_a_time_in_india_2001/large-cover.jpg	The people of a small village in Victorian India stake their future on a game of cricket against their ruthless British rulers.
tt0056732	The Exterminating Angel	Drama, Fantasy	1h 35min	No	https://img.yts.lt/assets/images/movies/the_exterminating_angel_1962/large-cover.jpg	The guests at an upper-class dinner party find themselves unable to leave.
tt0113247	La Haine	Crime, Drama	1h 38min	No	https://img.yts.lt/assets/images/movies/la_haine_1995/large-cover.jpg	24 hours in the lives of three young men in the French suburbs the day after a violent riot.
tt0374887	Munna Bhai M.B.B.S.	Comedy, Drama, Musical	2h 36min	No	https://img.yts.lt/assets/images/movies/munna_bhai_mbbs_2003/large-cover.jpg	A gangster sets out to fulfill his father's dream of becoming a doctor.
tt0169858	Neon Genesis Evangelion: The End of Evangelion	Animation, Action, Drama, Fantasy, Sci-Fi	1h 30min	No	https://img.yts.lt/assets/images/movies/neon_genesis_evangelion_the_end_of_evangelion_1997/large-cover.jpg	Concurrent theatrical ending of the TV series Shin Seiki Evangerion (1995).
tt4016934	The Handmaiden	Drama, Romance, Thriller	2h 25min	No	https://img.yts.lt/assets/images/movies/the_handmaiden_2016/large-cover.jpg	A woman is hired as a handmaiden to a Japanese heiress, but secretly she is involved in a plot to defraud her.
tt0093779	The Princess Bride	Adventure, Family, Fantasy, Romance	1h 38min	No	https://img.yts.lt/assets/images/movies/the_princess_bride_1987/large-cover.jpg	While home sick in bed, a young boy's grandfather reads him the story of a farmboy-turned-pirate who encounters numerous obstacles, enemies and allies in his quest to be reunited with his true love.
tt0367110	Swades	Drama	3h 30min	No	https://img.yts.lt/assets/images/movies/swades_2004/large-cover.jpg	A successful Indian scientist returns to an Indian village to take his nanny to America with him and in the process rediscovers his roots.
tt2338151	PK	Comedy, Drama, Fantasy	2h 33min	No	https://img.yts.lt/assets/images/movies/pk_2014/large-cover.jpg	An alien on Earth loses the only device he can use to communicate with his spaceship. His innocent nature and child-like questions force the country to evaluate the impact of religion on its people.
tt0064115	Butch Cassidy and the Sundance Kid	Biography, Crime, Drama, Western	1h 50min	No	https://img.yts.lt/assets/images/movies/butch_cassidy_and_the_sundance_kid_1969/large-cover.jpg	Wyoming, early 1900s. Butch Cassidy and The Sundance Kid are the leaders of a band of outlaws. After a train robbery goes wrong they find themselves on the run with a posse hard on their heels. Their solution - escape to Bolivia.
tt4430212	Drishyam	Crime, Drama, Mystery, Thriller	2h 43min	No	https://img.yts.lt/assets/images/movies/drishyam_2015/large-cover.jpg	Desperate measures are taken by a man who tries to save his family from the dark side of the law, after they commit an unexpected crime.
tt0292490	Dil Chahta Hai	Comedy, Drama, Romance	3h 3min	No	https://img.yts.lt/assets/images/movies/dil_chahta_hai_2001/large-cover.jpg	Three inseparable childhood friends are just out of college. Nothing comes between them - until they each fall in love, and their wildly different approaches to relationships creates tension.
tt1454029	The Help	Drama	2h 26min	No	https://img.yts.lt/assets/images/movies/the_help_2011/large-cover.jpg	An aspiring author during the civil rights movement of the 1960s decides to write a book detailing the African American maids' point of view on the white families for which they work, and the hardships they go through on a daily basis.
tt1280558	A Wednesday	Crime, Drama, Mystery, Thriller	1h 44min	No	https://img.yts.lt/assets/images/movies/a_wednesday_2008/large-cover.jpg	A retiring police officer reminisces about the most astounding day of his career. About a case that was never filed but continues to haunt him in his memories - the case of a man and a Wednesday.
tt0073707	Sholay	Action, Adventure, Comedy, Drama, Musical, Thriller	3h 18min	No	https://img.yts.lt/assets/images/movies/sholay_1975/large-cover.jpg	After his family is murdered by a notorious and ruthless bandit, a former police officer enlists the services of two outlaws to capture the bandit.
tt0094625	Akira	Animation, Drama, Sci-Fi, Thriller	2h 4min	Yes	https://img.yts.lt/assets/images/movies/akira_1988/large-cover.jpg	A secret military project endangers Neo-Tokyo when it turns a biker gang member into a rampaging psychic psychopath who can only be stopped by two teenagers and a group of psychics.
tt0381681	Before Sunset	Drama, Romance	1h 20min	Yes	https://img.yts.lt/assets/images/movies/before_sunset_2004/large-cover.jpg	Nine years after Jesse and Celine first met, they encounter each other again on the French leg of Jesse's book tour.
tt0088247	The Terminator	Action, Sci-Fi	1h 47min	No	https://img.yts.lt/assets/images/movies/the_terminator_1984/large-cover.jpg	A seemingly indestructible robot is sent from 2029 to 1984 to assassinate a young waitress, whose unborn son will lead humanity in a war against sentient machines, while a human soldier from the same war is sent to protect her at all costs.
tt0087884	Paris, Texas	Drama	2h 25min	No	https://img.yts.lt/assets/images/movies/paris_texas_1984/large-cover.jpg	Travis Henderson, an aimless drifter who has been missing for four years, wanders out of the desert and must reconnect with society, himself, his life, and his family.
tt0871510	Chak de! India	Drama, Family, Sport	2h 33min	No	https://img.yts.lt/assets/images/movies/chak_de_india_2007/large-cover.jpg	Kabir Khan is the coach of the Indian Women's National Hockey Team and his dream is to make his all girls team emerge victorious against all odds.
tt0118694	In the Mood for Love	Drama, Romance	1h 38min	No	https://img.yts.lt/assets/images/movies/in_the_mood_for_love_2000/large-cover.jpg	Two neighbors, a woman and a man, form a strong bond after both suspect extramarital activities of their spouses. However, they agree to keep their bond platonic so as not to commit similar wrongs.
tt0338564	Infernal Affairs	Crime, Drama, Mystery, Thriller	1h 41min	Yes	https://img.yts.lt/assets/images/movies/infernal_affairs_2002/large-cover.jpg	A story between a mole in the police department and an undercover cop. Their objectives are the same: to find out who is the mole, and who is the cop.
tt0120731	The Legend of 1900	Drama, Music, Romance	2h 50min	Yes	https://img.yts.lt/assets/images/movies/the_legend_of_1900_1998/large-cover.jpg	A baby boy, discovered in 1900 on an ocean liner, grows into a musical prodigy, never setting foot on land.
tt0058946	The Battle of Algiers	Drama, War	2h 1min	No	https://img.yts.lt/assets/images/movies/the_battle_of_algiers_1966/large-cover.jpg	In the 1950s, fear and violence escalate as the people of Algiers fight for independence from the French government.
tt2015381	Guardians of the Galaxy	Action, Adventure, Comedy, Sci-Fi	2h 1min	No	https://img.yts.lt/assets/images/movies/guardians_of_the_galaxy_2014/large-cover.jpg	A group of intergalactic criminals must pull together to stop a fanatical warrior with plans to purge the universe.
tt2758880	Winter Sleep	Drama	3h 16min	No	https://img.yts.lt/assets/images/movies/winter_sleep_2014/large-cover.jpg	A hotel owner and landlord in a remote Turkish village deals with conflicts within his family and a tenant behind on his rent.
tt0018455	Sunrise	Drama, Romance	1h 34min	No	https://img.yts.lt/assets/images/movies/sunrise_1927/large-cover.jpg	An allegorical tale about a man fighting the good and evil within him. Both sides are made flesh - one a sophisticated woman he is attracted to and the other his wife.
